<?xml version="1.0" encoding="UTF-8"?>

<asSetTable>
    <option value="all">all types</option>
    <option value="as-macro">as-macro</option>
    <option value="aut-num">aut-num</option>
    <option value="community">community</option>
    <option value="domain">domain</option>
    <option value="dom-prefix">dom-prefix</option>
    <option value="inet6num">inet6num</option>
    <option value="inetnum">inetnum</option>
    <option value="inet-rtr">inet-rtr</option>
    <option value="key-cert">key-cert</option>
    <option value="mntner">mntner</option>
    <option value="person">person</option>
    <option value="role">role</option>
    <option value="route">route</option>
</asSetTable>
