<?xml version="1.0" encoding="UTF-8"?>

<countryTable>
<!--
    <country code="AD">Andorra</country>
    <country code="AE">United Arab Emirates</country>
    <country code="AF">Afghanistan</country>
    <country code="AG">Antigua and Barbuda</country>
    <country code="AI">Anguilla</country>
    <country code="AL">Albania</country>
    <country code="AM">Armenia</country>
    <country code="AN">Netherlands Antilles</country>
    <country code="AO">Angola</country>
    <country code="AQ">Antarctica</country>
    <country code="AR">Argentina</country>
    <country code="AS">American Samoa</country>
    <country code="AT">Austria</country>
    <country code="AU">Australia</country>
    <country code="AW">Aruba</country>
    <country code="AZ">Azerbaijan</country>
    <country code="BA">Bosnia and Herzegovina</country>
    <country code="BB">Barbados</country>

    <country code="CA">Canada</country>
    <country code="US">United States</country>
-->


<country code="AD">Andorra</country>
<country code="AE">United Arab Emirates</country>
<country code="AF">Afghanistan</country>
<country code="AG">Antigua and Barbuda</country>
<country code="AI">Anguilla</country>
<country code="AL">Albania</country>
<country code="AM">Armenia</country>
<country code="AN">Netherlands Antilles</country>
<country code="AO">Angola</country>
<country code="AQ">Antarctica</country>
<country code="AR">Argentina</country>
<country code="AS">American Samoa</country>
<country code="AT">Austria</country>
<country code="AU">Australia</country>
<country code="AW">Aruba</country>
<country code="AZ">Azerbaijan</country>
<country code="BA">Bosnia and Herzegovina</country>
<country code="BB">Barbados</country>
<country code="BD">Bangladesh</country>
<country code="BE">Belgium</country>
<country code="BF">Burkina Faso</country>
<country code="BG">Bulgaria</country>
<country code="BH">Bahrain</country>
<country code="BI">Burundi</country>
<country code="BJ">Benin</country>
<country code="BM">Bermuda</country>
<country code="BN">Brunei Darussalam</country>
<country code="BO">Bolivia</country>
<country code="BR">Brazil</country>
<country code="BS">Bahamas</country>
<country code="BT">Bhutan</country>
<country code="BV">Bouvet Island</country>
<country code="BW">Botswana</country>
<country code="BY">Belarus</country>
<country code="BZ">Belize</country>
<country code="CA">Canada</country>
<country code="CC">Cocos (Keeling) Islands</country>
<country code="CF">Central African Republic</country>
<country code="CG">Congo</country>
<country code="CH">Switzerland</country>
<country code="CI">Cote D'Ivoire (Ivory Coast)</country>
<country code="CK">Cook Islands</country>
<country code="CL">Chile</country>
<country code="CM">Cameroon</country>
<country code="CN">China</country>
<country code="CO">Colombia</country>
<country code="CR">Costa Rica</country>
<country code="CS">Czechoslovakia (former)</country>
<country code="CU">Cuba</country>
<country code="CV">Cape Verde</country>
<country code="CX">Christmas Island</country>
<country code="CY">Cyprus</country>
<country code="CZ">Czech Republic</country>
<country code="DE">Germany</country>
<country code="DJ">Djibouti</country>
<country code="DK">Denmark</country>
<country code="DM">Dominica</country>
<country code="DO">Dominican Republic</country>
<country code="DZ">Algeria</country>
<country code="EC">Ecuador</country>
<country code="EE">Estonia</country>
<country code="EG">Egypt</country>
<country code="EH">Western Sahara</country>
<country code="ER">Eritrea</country>
<country code="ES">Spain</country>
<country code="ET">Ethiopia</country>
<country code="FI">Finland</country>
<country code="FJ">Fiji</country>
<country code="FK">Falkland Islands (Malvinas)</country>
<country code="FM">Micronesia</country>
<country code="FO">Faroe Islands</country>
<country code="FR">France</country>
<country code="FX">France, Metropolitan</country>
<country code="GA">Gabon</country>
<country code="GB">Great Britain (UK)</country>
<country code="GD">Grenada</country>
<country code="GE">Georgia</country>
<country code="GF">French Guiana</country>
<country code="GH">Ghana</country>
<country code="GI">Gibraltar</country>
<country code="GL">Greenland</country>
<country code="GM">Gambia</country>
<country code="GN">Guinea</country>
<country code="GP">Guadeloupe</country>
<country code="GQ">Equatorial Guinea</country>
<country code="GR">Greece</country>
<country code="GS">S. Georgia and S. Sandwich Isls.</country>
<country code="GT">Guatemala</country>
<country code="GU">Guam</country>
<country code="GW">Guinea-Bissau</country>
<country code="GY">Guyana</country>
<country code="HK">Hong Kong</country>
<country code="HM">Heard and McDonald Islands</country>
<country code="HN">Honduras</country>
<country code="HR">Croatia (Hrvatska)</country>
<country code="HT">Haiti</country>
<country code="HU">Hungary</country>
<country code="ID">Indonesia</country>
<country code="IE">Ireland</country>
<country code="IL">Israel</country>
<country code="IN">India</country>
<country code="IO">British Indian Ocean Territory</country>
<country code="IQ">Iraq</country>
<country code="IR">Iran</country>
<country code="IS">Iceland</country>
<country code="IT">Italy</country>
<country code="JM">Jamaica</country>
<country code="JO">Jordan</country>
<country code="JP">Japan</country>
<country code="KE">Kenya</country>
<country code="KG">Kyrgyzstan</country>
<country code="KH">Cambodia</country>
<country code="KI">Kiribati</country>
<country code="KM">Comoros</country>
<country code="KN">Saint Kitts and Nevis</country>
<country code="KP">Korea (North)</country>
<country code="KR">Korea (South)</country>
<country code="KW">Kuwait</country>
<country code="KY">Cayman Islands</country>
<country code="KZ">Kazakhstan</country>
<country code="LA">Laos</country>
<country code="LB">Lebanon</country>
<country code="LC">Saint Lucia</country>
<country code="LI">Liechtenstein</country>
<country code="LK">Sri Lanka</country>
<country code="LR">Liberia</country>
<country code="LS">Lesotho</country>
<country code="LT">Lithuania</country>
<country code="LU">Luxembourg</country>
<country code="LV">Latvia</country>
<country code="LY">Libya</country>
<country code="MA">Morocco</country>
<country code="MC">Monaco</country>
<country code="MD">Moldova</country>
<country code="MG">Madagascar</country>
<country code="MH">Marshall Islands</country>
<country code="MK">Macedonia</country>
<country code="ML">Mali</country>
<country code="MM">Myanmar</country>
<country code="MN">Mongolia</country>
<country code="MO">Macau</country>
<country code="MP">Northern Mariana Islands</country>
<country code="MQ">Martinique</country>
<country code="MR">Mauritania</country>
<country code="MS">Montserrat</country>
<country code="MT">Malta</country>
<country code="MU">Mauritius</country>
<country code="MV">Maldives</country>
<country code="MW">Malawi</country>
<country code="MX">Mexico</country>
<country code="MY">Malaysia</country>
<country code="MZ">Mozambique</country>
<country code="NA">Namibia</country>
<country code="NC">New Caledonia</country>
<country code="NE">Niger</country>
<country code="NF">Norfolk Island</country>
<country code="NG">Nigeria</country>
<country code="NI">Nicaragua</country>
<country code="NL">Netherlands</country>
<country code="NO">Norway</country>
<country code="NP">Nepal</country>
<country code="NR">Nauru</country>
<country code="NT">Neutral Zone</country>
<country code="NU">Niue</country>
<country code="NZ">New Zealand (Aotearoa)</country>
<country code="OM">Oman</country>
<country code="PA">Panama</country>
<country code="PE">Peru</country>
<country code="PF">French Polynesia</country>
<country code="PG">Papua New Guinea</country>
<country code="PH">Philippines</country>
<country code="PK">Pakistan</country>
<country code="PL">Poland</country>
<country code="PM">St. Pierre and Miquelon</country>
<country code="PN">Pitcairn</country>
<country code="PR">Puerto Rico</country>
<country code="PT">Portugal</country>
<country code="PW">Palau</country>
<country code="PY">Paraguay</country>
<country code="QA">Qatar</country>
<country code="RE">Reunion</country>
<country code="RO">Romania</country>
<country code="RU">Russian Federation</country>
<country code="RW">Rwanda</country>
<country code="SA">Saudi Arabia</country>
<country code="Sb">Solomon Islands</country>
<country code="SC">Seychelles</country>
<country code="SD">Sudan</country>
<country code="SE">Sweden</country>
<country code="SG">Singapore</country>
<country code="SH">St. Helena</country>
<country code="SI">Slovenia</country>
<country code="SJ">Svalbard and Jan Mayen Islands</country>
<country code="SK">Slovak Republic</country>
<country code="SL">Sierra Leone</country>
<country code="SM">San Marino</country>
<country code="SN">Senegal</country>
<country code="SO">Somalia</country>
<country code="SR">Suriname</country>
<country code="ST">Sao Tome and Principe</country>
<country code="SU">USSR (former)</country>
<country code="SV">El Salvador</country>
<country code="SY">Syria</country>
<country code="SZ">Swaziland</country>
<country code="TC">Turks and Caicos Islands</country>
<country code="TD">Chad</country>
<country code="TF">French Southern Territories</country>
<country code="TG">Togo</country>
<country code="TH">Thailand</country>
<country code="TJ">Tajikistan</country>
<country code="TK">Tokelau</country>
<country code="TM">Turkmenistan</country>
<country code="TN">Tunisia</country>
<country code="TO">Tonga</country>
<country code="TP">East Timor</country>
<country code="TR">Turkey</country>
<country code="TT">Trinidad and Tobago</country>
<country code="TV">Tuvalu</country>
<country code="TW">Taiwan</country>
<country code="TZ">Tanzania</country>
<country code="UA">Ukraine</country>
<country code="UG">Uganda</country>
<country code="UK">United Kingdom</country>
<country code="UM">US Minor Outlying Islands</country>
<country code="US">United States</country>
<country code="UY">Uruguay</country>
<country code="UZ">Uzbekistan</country>
<country code="VA">Vatican City State (Holy See)</country>
<country code="VC">Saint Vincent and the Grenadines</country>
<country code="VE">Venezuela</country>
<country code="VG">Virgin Islands (British)</country>
<country code="VI">Virgin Islands (U.S.)</country>
<country code="VN">Viet Nam</country>
<country code="VU">Vanuatu</country>
<country code="WF">Wallis and Futuna Islands</country>
<country code="WS">Samoa</country>
<country code="YE">Yemen</country>
<country code="YT">Mayotte</country>
<country code="YU">Yugoslavia</country>
<country code="ZA">South Africa</country>
<country code="ZM">Zambia</country>
<country code="ZR">Zaire</country>
<country code="ZW">Zimbabwe</country>

<!--
COM   US Commercial</country>
EDU   US Educational</country>
GOV   US Government</country>
INT   International
MIL   US Military
NET   Network
ORG   Non-Profit Organization
ARPA   Old style Arpanet
NATO   Nato field
-->
</countryTable>
