<?xml version="1.0" encoding="UTF-8"?>

<maintainerTable>

<maintainer>BCNET-BC-MNT</maintainer>
<maintainer>CANARIE-MNT</maintainer>
<maintainer>DAL-NS-MNT</maintainer>
<maintainer>MAINT-AS2884</maintainer>
<maintainer>MRNET-MB-MNT</maintainer>
<maintainer>NETERA-AB-MNT</maintainer>
<maintainer>NFLD-NL-MNT</maintainer>
<maintainer>ONET-TOR-ON-MNT</maintainer>
<maintainer>ORANO-MNT</maintainer>
<maintainer>RISQ-QC-MNT</maintainer>
<maintainer>SRNET-SK-MNT</maintainer>
<maintainer>UNB-NB-MNT</maintainer>
<maintainer>UPEI-PEI-MNT</maintainer>
<maintainer>WEDNET-ON-MNT</maintainer>
<maintainer>WNET-AB-MNT</maintainer>

</maintainerTable>
