<?xml version="1.0" encoding="UTF-8"?>

<stateTable>
    <state code="AL">Alabama</state>
    <state code="AK">Alaska</state>
    <state code="AZ">Arizona</state>
    <state code="AR">Arkansas</state>
    <state code="CA">California</state>
    <state code="CO">Colorado</state>
    <state code="CT">Connecticut</state>
    <state code="DE">Delaware</state>
    <state code="FL">Florida</state>
    <state code="GA">Georgia</state>
    <state code="HI">Hawaii</state>
    <state code="ID">Idaho</state>
    <state code="IL">Illinois</state>
    <state code="IN">Indiana</state>
    <state code="IA">Iowa</state>
    <state code="KS">Kansas</state>
    <state code="KY">Kentucky</state>
    <state code="LA">Louisiana</state>
    <state code="ME">Maine</state>
    <state code="MD">Maryland</state>
    <state code="MA">Massachusetts</state>
    <state code="MI">Michigan</state>
    <state code="MS">Minnesota</state>
    <state code="MS">Mississippi</state>
    <state code="MO">Missouri</state>
    <state code="MT">Montana</state>
    <state code="NE">Nebraska</state>
    <state code="NV">Nevada</state>
    <state code="NH">New Hampshire</state>
    <state code="NJ">New Jersey</state>
    <state code="NM">New Mexico</state>
    <state code="NY">New York</state>
    <state code="NC">North Carolina</state>
    <state code="ND">North Dakota</state>
    <state code="OH">Ohio</state>
    <state code="OK">Oklahoma</state>
    <state code="OR">Oregon</state>
    <state code="PA">Pennsylvania</state>
    <state code="RI">Rhode Island</state>
    <state code="SC">South Carolina</state>
    <state code="SD">South Dakota</state>
    <state code="TN">Tennessee</state>
    <state code="TX">Texas</state>
    <state code="UT">Utah</state>
    <state code="VT">Vermont</state>
    <state code="VA">Virginia</state>
    <state code="WA">Washington</state>
    <state code="WV">West Virginia</state>
    <state code="WI">Wisconsin</state>
    <state code="WY">Wyoming</state>
</stateTable>