<?xml version="1.0" encoding="UTF-8"?>

<provinceTable>
    <province code="AB">Alberta</province>
    <province code="BC">British Columbia</province>
    <province code="MB">Manitoba</province>
    <province code="NB">New Brunswick</province>
    <province code="NF">Newfoundland</province>
    <province code="NS">Nova Scotia</province>
    <province code="ON">Ontario</province>
    <province code="PE">Prince Edward Island</province>
    <province code="QC">Quebec</province>
    <province code="SK">Saskatchewan</province>
    <province code="NT">Northwest Territories</province>
    <province code="NU">Nunavut</province>
    <province code="YT">Yukon Territory</province>
</provinceTable>