<?xml version="1.0" encoding="ISO-8859-1"?>

<!--DOCTYPE irr-web-profile PUBLIC '-//GAIT, Inc.//DTD IRR Web Profile 3.0//EN' 'http://localhost/dtd/irr-web-profile_3_0.dtd'-->

<irr-web-profile>
  <description>IRR Web DBs</description>
  <logo-text>CA*net 4 IRR </logo-text>
  <logo-image>images/logo.gif</logo-image>
  <database>
    <name>authority</name>
    <description>Realm Login DB for Tomcat</description>
      <table>
        <name>users</name>
	<description>Login users and passwords</description>
	   <field>
	     <name>user_name</name>
	     <type>varchar(15) not null primary key</type>
	     <default>admin</default>
	     <default>operator</default>
	     <default>user</default>
	   </field>
	   <field>
	     <name>user_pass</name>
	     <type>varchar(15) not null</type>
     	     <default>admin</default>
	     <default>operator</default>
	     <default>user</default>
	   </field>
      </table>
      <table>
        <name>roles</name>
	<description>Login roles</description>
	   <field>
	     <name>role_name</name>
	     <type>varchar(15) not null primary key</type>
     	     <default>admin</default>
	     <default>operator</default>
	     <default>user</default>
	   </field>
      </table>
      <table>
        <name>user_roles</name>
	<description>Login user to role mapping</description>
	   <field>
	     <name>user_name</name>
	     <type>varchar(15) not null</type>
     	     <default>admin</default>
	     <default>operator</default>
	     <default>user</default>
	   </field>
	   <field>
	     <name>role_name</name>
	     <type>varchar(15) not null, primary key( user_name, role_name )</type>
     	     <default>admin</default>
	     <default>operator</default>
	     <default>user</default>
	   </field>
      </table>
  </database>
  
  <database>
    <name>irr</name>
    <description>IRR Web Main DB</description>
      <table>
        <name>users</name>
	<description>Login users profiles</description>
	   <field>
	     <name>user_name</name>
	     <type>varchar(15) not null primary key</type>
     	     <default>admin</default>
	     <default>operator</default>
	     <default>user</default>
	   </field>
	   <field>
	     <name>user_pass</name>
	     <type>varchar(15) not null</type>
     	     <default>admin</default>
	     <default>operator</default>
	     <default>user</default>
	   </field>
      </table>
      <table>
        <name>roles</name>
	<description>Login roles</description>
	   <field>
	     <name>role_name</name>
	     <type>varchar(15) not null primary key</type>
     	     <default>admin</default>
	     <default>operator</default>
	     <default>user</default>
	   </field>
      </table>
      <table>
        <name>user_roles</name>
	<description>Login user to role mapping</description>
	   <field>
	     <name>user_name</name>
	     <type>varchar(15) not null</type>
     	     <default>admin</default>
	     <default>operator</default>
	     <default>user</default>
	   </field>
	   <field>
	     <name>role_name</name>
	     <type>varchar(15) not null, primary key( user_name, role_name )</type>
     	     <default>admin</default>
	     <default>operator</default>
	     <default>user</default>
	   </field>
      </table>
      <table>
        <name>login_profiles</name>
	<description>Login role to timestamp event profile mapping</description>
	   <field>
	     <name>user_name</name>
	     <type>varchar(15) not null</type>
     	     <default>admin</default>
	     <default>operator</default>
	     <default>user</default>
	   </field>
	   <field>
	     <name>role_name</name>
	     <type>varchar(15) not null, primary key( user_name, role_name )</type>
     	     <default>admin</default>
	     <default>operator</default>
	     <default>user</default>
	   </field>
	   <field>
	     <name>time_stamp</name>
	     <type>TIMESTAMP(14)</type>
	   </field>
	   <field>
	     <name>event</name>
	     <type>varchar(15) not null</type>
	     <default>save</default>
	   </field>
   	   <field>
	     <name>profile_id</name>
	     <type>int not null</type>
	   </field>
      </table>
      <table>
        <name>profile_data</name>
	<description>profile_id to profile mapping</description>
   	   <field>
	     <name>profile_id</name>
	     <type>int not null</type>
	   </field>
      	   <field>
	     <name>type</name>
	     <type>varchar(15) not null</type>
	   </field>
	   <field>
	     <name>value</name>
	     <type>varchar(45) not null</type>
	   </field>
      </table>
    </database>
</irr-web-profile>

