<?xml version="1.0" encoding="ISO-8859-1" ?>

<!DOCTYPE struts-config PUBLIC
          "-//Apache Software Foundation//DTD Struts Configuration 1.0//EN"
          "http://jakarta.apache.org/struts/dtds/struts-config_1_0.dtd">

<!--

-->


<struts-config>



  <!-- ========== Form Bean Definitions =================================== -->
  <form-beans>
    <!-- Example logon form bean 
    <form-bean      name="logonForm"
                    type="org.apache.struts.example.LogonForm"/>
     -->

    <form-bean  name="signInForm"                     type="ca.rrx.nw.rr.struts.sign.SignInForm"/>

    <form-bean  name="reportForm"                     type="ca.rrx.nw.rr.struts.report.ReportForm"/>
    <form-bean  name="reportEditForm"                 type="ca.rrx.nw.rr.struts.report.ReportEditForm"/>
    <form-bean  name="reportSubmitConfirmationForm"   type="ca.rrx.nw.rr.struts.report.ReportSubmitConfirmationForm"/>

    <form-bean  name="advancedQueryForm"              type="ca.rrx.nw.rr.struts.aQuery.AdvancedQueryForm"/>
    <form-bean  name="advancedQueryEditForm"          type="ca.rrx.nw.rr.struts.aQuery.AdvancedQueryEditForm"/>

    <form-bean  name="policyGenerationForm"           type="ca.rrx.nw.rr.struts.policy.PolicyGenerationForm"/>
    <form-bean  name="policySubmitConfirmationForm"   type="ca.rrx.nw.rr.struts.policy.PolicySubmitConfirmationForm"/>

    <form-bean  name="irrSubmitConfirmationForm"      type="ca.rrx.nw.rr.struts.irrSubmit.IrrSubmitConfirmationForm"/>

    <form-bean  name="routerAccessListGenerationForm" type="ca.rrx.nw.rr.struts.aList.RouterAccessListGenerationForm"/>
    <form-bean  name="routerAccessListProfileForm"    type="ca.rrx.nw.rr.struts.aList.RouterAccessListProfileForm"/>
    
    <form-bean  name="topIndexForm"                   type="ca.rrx.nw.rr.struts.topIndex.TopIndexForm"/>
    <form-bean  name="topIndexLogForm"                type="ca.rrx.nw.rr.struts.topIndexLog.TopIndexLogForm"/>

<!-- 
profile/serverProfile.jsp
-->
    <form-bean  name="serverForm"                     type="ca.rrx.nw.rr.struts.server.ServerForm"/>  
    <form-bean  name="newServerForm"                  type="ca.rrx.nw.rr.struts.server.NewServerForm"/>   
<!-- 
profile/administratorMaintenance.jsp
-->
    <form-bean  name="adminMaintForm"                   type="ca.rrx.nw.rr.struts.admin.AdminMaintForm"/>
<!-- 
profile/administratorProfile.jsp
-->
    <form-bean  name="administratorForm"                   type="ca.rrx.nw.rr.struts.operator.AdministratorForm"/>   
<!-- 
profile/adminOperatorProfile.jsp
-->
    <form-bean  name="adminOperatorForm"                   type="ca.rrx.nw.rr.struts.operator.AdminOperatorForm"/>
<!-- 
profile/operatorProfile.jsp
-->
    <form-bean  name="operatorForm"                   type="ca.rrx.nw.rr.struts.operator.OperatorForm"/>   
    <form-bean  name="newOperatorForm"                type="ca.rrx.nw.rr.struts.operator.NewOperatorForm"/>   
    <form-bean  name="operatorSessionForm"            type="ca.rrx.nw.rr.struts.operator.OperatorSessionForm"/>

    <form-bean  name="profileSubmitConfirmationForm"            type="ca.rrx.nw.rr.struts.operator.ProfileSubmitConfirmationForm"/>

<!-- 
profile/routerProfile.jsp
-->
    <form-bean  name="routerProfileForm"              type="ca.rrx.nw.rr.struts.router.RouterProfileForm"/> 
    <form-bean  name="newRouterProfileForm"           type="ca.rrx.nw.rr.struts.router.NewRouterProfileForm"/> 
<!-- 
profile/routerConfigurationProfile.jsp
-->
    <form-bean  name="routerConfigurationProfileForm"  type="ca.rrx.nw.rr.struts.router.RouterConfigurationProfileForm"/>  
<!-- 
profile/routerConfiguration.jsp
-->
    <form-bean  name="routerConfigurationForm"         type="ca.rrx.nw.rr.struts.router.RouterConfigurationForm"/>
<!-- 
profile/routerConnectionSession.jsp
-->
    <form-bean  name="routerConnectionSessionForm"     type="ca.rrx.nw.rr.struts.router.RouterConnectionSessionForm"/>
<!-- 
profile/routerVerification.jsp
-->
    <form-bean  name="routerVerificationForm"     type="ca.rrx.nw.rr.struts.router.RouterVerificationForm"/>
<!-- 
profile/routerControlPortProfile.jsp
-->
    <form-bean  name="routerControlPortProfileForm"     type="ca.rrx.nw.rr.struts.router.RouterControlPortProfileForm"/>
    <form-bean  name="newRouterControlPortForm"         type="ca.rrx.nw.rr.struts.router.NewRouterControlPortForm"/>
<!-- 
profile/routerControlPortConnectionProfile.jsp
-->
    <form-bean  name="routerControlPortConnectionProfileForm"     type="ca.rrx.nw.rr.struts.router.RouterControlPortConnectionProfileForm"/>
    <form-bean  name="newRouterControlPortConnectionForm"         type="ca.rrx.nw.rr.struts.router.NewRouterControlPortConnectionForm"/>
<!-- 
profile/routerTransitPortProfile.jsp
-->
    <form-bean  name="routerTransitPortProfileForm"     type="ca.rrx.nw.rr.struts.router.RouterTransitPortProfileForm"/>
    <form-bean  name="newRouterTransitPortForm"         type="ca.rrx.nw.rr.struts.router.NewRouterTransitPortForm"/>
<!-- 
profile/uclpProfile.jsp
-->
    <form-bean  name="uclpProfileForm"            type="ca.rrx.nw.rr.struts.router.UclpProfileForm"/>
    <form-bean  name="newUclpProfileForm"         type="ca.rrx.nw.rr.struts.router.NewUclpProfileForm"/>

  </form-beans>


  <!-- ========== Global Forward Definitions ============================== -->
  <global-forwards>
    <!-- Example logon forward 
     <forward   name="logon"                path="/logon.jsp"/>
     -->

    <forward   name="irr_submit_confirmation"       path="/template.jsp?pageId=irrSubmitConfirmation"/>
    <forward   name="irr_submit_result"          path="/template.jsp?pageId=irrSubmitResult"/>

    <forward   name="main"                        path="/template.jsp?pageId=main"/>
    <forward   name="session_timeout"             path="/template.jsp?pageId=main"/>
    <forward   name="signin_success"              path="/template.jsp?pageId=operatorProfile"/>
    <forward   name="signin_error"                path="/template.jsp?pageId=signInError"/>
    <forward   name="signout_success"             path="/template.jsp?pageId=main"/>
    
    <forward   name="report_success"              path="/template.jsp?pageId=report"/>
    <forward   name="report_edit"                 path="/template.jsp?pageId=reportEdit"/>
    <forward   name="report_submit_confirmation"  path="/template.jsp?pageId=reportSubmitConfirmation"/>
    <forward   name="report_submit_result"        path="/template.jsp?pageId=reportSubmitResult"/>
    <forward   name="report_save_to_file"         path="/template.jsp?pageId=report"/>

    <forward   name="aquery_success"              path="/template.jsp?pageId=aQuery"/>
    <forward   name="aquery_edit"                 path="/template.jsp?pageId=aQueryEdit"/>

    <forward   name="alist_success"               path="/template.jsp?pageId=aList"/>
    <forward   name="base_template"               path="/template.jsp"/>

    <forward   name="policy_generation"    path="/template.jsp?pageId=policy"/>
    <forward   name="policy_generation_success"   path="/template.jsp?pageId=policy"/>
    <forward   name="policy_generation_submit_confirmation"    path="/template.jsp?pageId=policyGenerationSubmitConfirmation"/>
    <forward   name="policy_generation_submit_result"    path="/template.jsp?pageId=policyGenerationSubmitResult"/>


    <forward   name="server_success"              path="/template.jsp?pageId=serverProfile"/>
    <forward   name="server_new"                  path="/template.jsp?pageId=serverProfileNew"/>

    <forward   name="administrator_maint_success"	path="/template.jsp?pageId=administratorMaintenance"/>    
    <forward   name="administrator_profile_success"	path="/template.jsp?pageId=administratorProfile"/>
    <forward   name="operator_profile_admin"		path="/template.jsp?pageId=adminOperatorProfile"/>

    <forward   name="operator_profile_success"    path="/template.jsp?pageId=operatorProfile"/>
    <forward   name="operator_profile_new"        path="/template.jsp?pageId=operatorProfileNew"/>

    <forward   name="operator_session_profile_success"    path="/template.jsp?pageId=operatorSessionProfile"/>
    <forward   name="operator_session_profile_new"        path="/template.jsp?pageId=operatorSessionProfileNew"/>
<!--
    <forward   name="profile_submit_confirmation"       path="/template.jsp?pageId=profileSubmitConfirmation"/>
    <forward   name="operator_profile_submit_result"    path="/template.jsp?pageId=profileSubmitResult"/>
-->
    <forward   name="router_connection_session"    path="/template.jsp?routerConnectionSession"/>
    <forward   name="router_transit_port_profile_success"    path="/template.jsp?routerTransitPortProfile"/>
<!-- 
profile/routerProfile.jsp
-->
    <forward   name="router_profile_success"    path="/template.jsp?pageId=routerProfile"/>
    <forward   name="router_profile_new"        path="/template.jsp?pageId=routerProfileNew"/>
<!-- 
profile/routerConfigurationProfile.jsp
-->
    <forward   name="router_configuration_profile_success"    path="/template.jsp?pageId=routerConfigurationProfile"/>
    <forward   name="router_configuration_profile_new"        path="/template.jsp?pageId=routerConfigurationProfileNew"/>
<!-- 
profile/routerConfiguration.jsp
-->
    <forward   name="router_configuration_success"    path="/template.jsp?pageId=routerConfiguration"/>
    <forward   name="router_configuration_new"        path="/template.jsp?pageId=routerConfigurationNew"/>
<!-- 
profile/routerConnectionSession.jsp
-->
    <forward   name="router_connection_session_success"    path="/template.jsp?pageId=routerConnectionSession"/>
    <forward   name="router_connection_session_new"        path="/template.jsp?pageId=routerConnectionSessionNew"/>
<!-- 
profile/routerVerification.jsp
-->
    <forward   name="router_verification_success"    path="/template.jsp?pageId=routerVerification"/>
<!-- 
profile/routerControlPortProfile.jsp
-->
    <forward   name="router_control_port_profile_success"    path="/template.jsp?pageId=routerControlPortProfile"/>
    <forward   name="router_control_port_profile_new"        path="/template.jsp?pageId=routerControlPortNew"/>  

<!-- 
profile/routerControlPortConnectionProfile.jsp
-->
    <forward   name="router_control_port_connection_profile_success"    path="/template.jsp?pageId=routerControlPortConnectionProfile"/>
    <forward   name="router_control_port_connection_profile_new"        path="/template.jsp?pageId=routerControlPortConnectionNew"/>
<!-- 
profile/routerTransitPortProfile.jsp
-->
    <forward   name="router_transit_port_profile_success"    path="/template.jsp?pageId=routerTransitPortProfile"/>
    <forward   name="router_transit_port_profile_new"        path="/template.jsp?pageId=routerTransitPortNew"/>
<!-- 
profile/uclpProfile.jsp
-->
    <forward   name="uclp_profile_success"    path="/template.jsp?pageId=uclpProfile"/>
    <forward   name="uclp_profile_new"        path="/template.jsp?pageId=uclpProfileNew"/>
<!-- 
aList/routerAccessListProfile.jsp
-->
    <forward   name="router_access_list_profile_success"    path="/template.jsp?pageId=routerAccessListProfile"/>
    <forward   name="router_access_list_profile_new"        path="/template.jsp?pageId=routerAccessListProfileNew"/>

  </global-forwards>


  <!-- ========== Action Mapping Definitions ============================== -->
  <action-mappings>


    <action    path="/logon"
                    type="ca.rrx.nw.rr.struts.sign.SignInAction"
                    name="signInForm"
                  scope="request"
                  input="/sign/signIn.jsp">
    </action>

    <action    path="/report"
                   type="ca.rrx.nw.rr.struts.report.ReportAction"
                   name="reportForm"
                  scope="request"
                  input="/report/report.jsp">
    </action>

    <action    path="/reportEdit"
                   type="ca.rrx.nw.rr.struts.report.ReportEditAction"
                   name="reportEditForm"
                  scope="request"
                  input="/report/reportEdit.jsp">
    </action>


    <action    path="/advancedQuery"
                   type="ca.rrx.nw.rr.struts.aQuery.AdvancedQueryAction"
                   name="advancedQueryForm"
                  scope="request"
                  input="/aQuery/advanedQuery.jsp">
    </action>

    <action    path="/advancedQueryEdit"
                   type="ca.rrx.nw.rr.struts.aQuery.AdvancedQueryEditAction"
                   name="advancedQueryEditForm"
                  scope="request"
                  input="/aQuery/aQueryEdit.jsp">
    </action>

    <action    path="/policyGeneration"
                   type="ca.rrx.nw.rr.struts.policy.PolicyGenerationAction"
                   name="policyGenerationForm"
                  scope="request"
                  input="/policy/policyGeneration.jsp">
    </action>


    <action    path="/policySubmitConfirmation"
                   type="ca.rrx.nw.rr.struts.policy.PolicySubmitConfirmationAction"
                   name="policySubmitConfirmationForm"
                  scope="request"
                  input="/policy/policyGenerationSubmitConfirmation.jsp">
    </action>



    <action    path="/accessList"
                   type="ca.rrx.nw.rr.struts.aList.RouterAccessListGenerationAction"
                   name="routerAccessListGenerationForm"
                  scope="request"
                  input="/aList/routerAccessListGeneration.jsp">
    </action>


    <action    path="/reportSubmitConfirmation"
                   type="ca.rrx.nw.rr.struts.report.ReportSubmitConfirmationAction"
                   name="reportSubmitConfirmationForm"
                  scope="request"
                  input="/report/reportSubmitConfirmation.jsp">
    </action>

    <action    path="/topIndex"
                   type="ca.rrx.nw.rr.struts.topIndex.TopIndexAction"
                   name="topIndexForm"
                  scope="request"
                  input="/general/topIndex.jsp">
    </action>
    
    <action    path="/topIndexLog"
                   type="ca.rrx.nw.rr.struts.topIndexLog.TopIndexLogAction"
                   name="topIndexLogForm"
                  scope="request"
                  input="/general/topIndexLog.jsp">
    </action>
    
    <!-- Process a user logoff -->
    <action    path="/logoff"
        type="ca.rrx.nw.rr.struts.sign.SignOutAction">
    </action>

<!-- 
# irr/irrSubmitConfirmation.jsp
-->
    <action    path="/irrSubmitConfirmation"
               type="ca.rrx.nw.rr.struts.irrSubmit.IrrSubmitConfirmationAction"
               name="irrSubmitConfirmationForm"
               scope="request"
               input="/irr/irrSubmitConfirmation.jsp">
    </action>   

<!-- 
# profile/operatorProfile.jsp
-->
    <action    path="/operator"
               type="ca.rrx.nw.rr.struts.operator.OperatorAction"
               name="operatorForm"
               scope="request"
               input="/profile/operatorProfile.jsp">
    </action> 
<!-- 
# profile/operatorProfileNew.jsp
-->     
   <action    path="/newOperator"
               type="ca.rrx.nw.rr.struts.operator.NewOperatorAction"
               name="newOperatorForm"
               scope="request"
               input="/profile/operatorProfileNew.jsp">
    </action>

    <action    path="/profileSubmitConfirmation"
               type="ca.rrx.nw.rr.struts.operator.ProfileSubmitConfirmationAction"
               name="profileSubmitConfirmationForm"
               scope="request"
               input="/profile/profileSubmitConfirmation.jsp">
    </action> 

<!-- 
# profile/operatorSessionProfile.jsp
-->
    <action    path="/operatorSession"
               type="ca.rrx.nw.rr.struts.operator.OperatorSessionAction"
               name="operatorSessionForm"
               scope="request"
               input="/profile/operatorSessionProfile.jsp">
    </action>
<!-- 
# profile/administratorMaintenance.jsp
-->
    <action    path="/administratorMaintenance"
               type="ca.rrx.nw.rr.struts.admin.AdminMaintAction"
               name="adminMaintForm"
               scope="request"
               input="/admin/administratorMaintenance.jsp">
    </action>    
<!-- 
# profile/administratorProfile.jsp
-->
    <action    path="/administratorProfile"
               type="ca.rrx.nw.rr.struts.operator.AdministratorAction"
               name="administratorForm"
               scope="request"
               input="/profile/administratorProfile.jsp">
    </action> 
<!-- 
# profile/adminOperatorProfile.jsp
-->
    <action    path="/adminOperatorProfile"
               type="ca.rrx.nw.rr.struts.operator.AdminOperatorAction"
               name="adminOperatorForm"
               scope="request"
               input="/profile/adminOperatorProfile.jsp">
    </action>
<!-- 
# profile/serverProfile.jsp
-->
    <action    path="/server"
               type="ca.rrx.nw.rr.struts.server.ServerAction"
               name="serverForm"
               scope="request"
               input="/profile/serverProfile.jsp">
    </action>
<!-- 
# profile/serverProfileNew.jsp
-->
    <action    path="/newServer"
               type="ca.rrx.nw.rr.struts.server.NewServerAction"
               name="newServerForm"
               scope="request"
               input="/profile/serverProfileNew.jsp">
    </action>
<!-- 
# profile/routerProfile.jsp
-->
    <action    path="/routerProfile"
               type="ca.rrx.nw.rr.struts.router.RouterProfileAction"
               name="routerProfileForm"
               scope="request"
               input="/profile/routerProfile.jsp">
    </action>   
<!-- 
# profile/routerProfileNew.jsp
-->     
   <action    path="/newRouterProfile"
               type="ca.rrx.nw.rr.struts.router.NewRouterProfileAction"
               name="newRouterProfileForm"
               scope="request"
               input="/profile/routerProfileNew.jsp">
    </action>

<!-- 
# profile/routerConfigurationProfile.jsp
-->
    <action    path="/routerConfigurationProfile"
               type="ca.rrx.nw.rr.struts.router.RouterConfigurationProfileAction"
               name="routerConfigurationProfileForm"
               scope="request"
               input="/profile/routerConfigurationProfile.jsp">
    </action>   
<!-- 
# profile/routerTransitPortProfile.jsp
-->
    <action    path="/routerTransitPortProfile"
               type="ca.rrx.nw.rr.struts.router.RouterTransitPortProfileAction"
               name="routerTransitPortProfileForm"
               scope="request"
               input="/profile/routerTransitPortProfile.jsp">
    </action> 
<!-- 
# profile/routerVerification.jsp
-->
    <action    path="/routerVerification"
               type="ca.rrx.nw.rr.struts.router.RouterVerificationAction"
               name="routerVerificationForm"
               scope="request"
               input="/profile/routerVerification.jsp">
    </action> 
<!-- 
# profile/routerTransitPortProfileNew.jsp
-->
    <action    path="/newRouterTransitPort"
               type="ca.rrx.nw.rr.struts.router.NewRouterTransitPortAction"
               name="newRouterTransitPortForm"
               scope="request"
               input="/profile/routerTransitPortNew.jsp">
    </action>       
<!-- 
# profile/uclpProfile.jsp
-->
    <action    path="/uclpProfile"
               type="ca.rrx.nw.rr.struts.router.UclpProfileAction"
               name="uclpProfileForm"
               scope="request"
               input="/profile/uclpProfile.jsp">
    </action> 
<!-- 
# profile/uclpProfileNew.jsp
-->
    <action    path="/newUclpProfile"
               type="ca.rrx.nw.rr.struts.router.NewUclpProfileAction"
               name="newUclpProfileForm"
               scope="request"
               input="/profile/uclpProfileNew.jsp">
    </action>  
<!-- 
# profile/routerControlPortProfile.jsp
-->
    <action    path="/routerControlPortProfile"
               type="ca.rrx.nw.rr.struts.router.RouterControlPortProfileAction"
               name="routerControlPortProfileForm"
               scope="request"
               input="/profile/routerControlPortProfile.jsp">        
    </action>  
<!-- 
# profile/routerControlPortProfileNew.jsp
-->
    <action    path="/newRouterControlPort"
               type="ca.rrx.nw.rr.struts.router.NewRouterControlPortAction"
               name="newRouterControlPortForm"
               scope="request"
               input="/profile/routerControlPortNew.jsp">
    </action>    
     
<!-- 
# profile/routerControlPortConnectionProfile.jsp
-->
    <action    path="/routerControlPortConnectionProfile"
               type="ca.rrx.nw.rr.struts.router.RouterControlPortConnectionProfileAction"
               name="routerControlPortConnectionProfileForm"
               scope="request"
               input="/profile/routerControlPortConnectionProfile.jsp">
    </action>   
<!-- 
# profile/routerControlPortConnectionNew.jsp
-->
    <action    path="/newRouterControlPortConnection"
               type="ca.rrx.nw.rr.struts.router.NewRouterControlPortConnectionAction"
               name="newRouterControlPortConnectionForm"
               scope="request"
               input="/profile/routerControlPortConnectionNew.jsp">
    </action>   

<!--
# router/routerConfiguration.jsp
-->
    <action    path="/routerConfiguration"
               type="ca.rrx.nw.rr.struts.router.RouterConfigurationAction"
               name="routerConfigurationForm"
               scope="request"
               input="/profile/routerConfiguration.jsp">
    </action>  

<!--
# router/routerConnectionSession.jsp
-->
    <action    path="/routerConnectionSession"
               type="ca.rrx.nw.rr.struts.router.RouterConnectionSessionAction"
               name="routerConnectionSessionForm"
               scope="request"
               input="/router/routerConnectionSession.jsp">
    </action>  


<!-- 
# aList/routerAccessListProfile.jsp
-->
    <action    path="/routerAccessListProfile"
               type="ca.rrx.nw.rr.struts.aList.RouterAccessListProfileAction"
               name="routerAccessListProfileForm"
               scope="request"
               input="/aList/routerAccessListProfile.jsp">
    </action>   

    <!-- The standard administrative actions available with Struts -->
    <!-- These would be either omitted or protected by security -->
    <!-- in a real application deployment -->
    <action    path="/admin/addFormBean"
               type="org.apache.struts.actions.AddFormBeanAction"/>
    <action    path="/admin/addForward"
               type="org.apache.struts.actions.AddForwardAction"/>
    <action    path="/admin/addMapping"
               type="org.apache.struts.actions.AddMappingAction"/>
    <action    path="/admin/reload"
               type="org.apache.struts.actions.ReloadAction"/>
    <action    path="/admin/removeFormBean"
               type="org.apache.struts.actions.RemoveFormBeanAction"/>
    <action    path="/admin/removeForward"
               type="org.apache.struts.actions.RemoveForwardAction"/>
    <action    path="/admin/removeMapping"
               type="org.apache.struts.actions.RemoveMappingAction"/>


  </action-mappings>

</struts-config>
