<!DOCTYPE rpslClasses SYSTEM "classes.dtd">
<rpslClasses version="$Revision: 1.1.1.1 $" author="$Author: root $">
 <rpslClass name="as-block" code="ak" status="valid">
  <description>
      INSERT as-block description here.
    </description>
  <classAttributes>
   <ak choice="mandatory" number="single" code="ak"/>
   <de choice="optional" number="multiple" code="de"/>
   <rm choice="optional" number="multiple" code="rm"/>
   <tc choice="mandatory" number="multiple" code="tc"/>
   <ac choice="mandatory" number="multiple" code="ac"/>
   <ny choice="optional" number="multiple" code="ny"/>
   <ml choice="optional" number="multiple" code="ml"/>
   <mb choice="mandatory" number="multiple" code="mb"/>
   <ch choice="mandatory" number="multiple" code="ch"/>
   <so choice="mandatory" number="single" code="so"/>
  </classAttributes>
  <dbase_code value="13"/>
 </rpslClass>
 <rpslClass name="as-set" code="as" status="valid">
  <description>
      INSERT as-set description here.
    </description>
  <classAttributes>
   <as choice="mandatory" number="single" code="as"/>
   <de choice="mandatory" number="multiple" code="de"/>
   <ms choice="optional" number="multiple" code="ms"/>
   <mr choice="optional" number="multiple" code="mr"/>
   <rm choice="optional" number="multiple" code="rm"/>
   <tc choice="mandatory" number="multiple" code="tc"/>
   <ac choice="mandatory" number="multiple" code="ac"/>
   <ny choice="optional" number="multiple" code="ny"/>
   <mb choice="mandatory" number="multiple" code="mb"/>
   <ch choice="mandatory" number="multiple" code="ch"/>
   <so choice="mandatory" number="single" code="so"/>
  </classAttributes>
  <dbase_code value="11"/>
 </rpslClass>
 <rpslClass name="aut-num" code="an" status="valid">
  <description>
      The aut-num object describes the details of the
      registered owner of an Autonomous System and their
      routing policy for that AS. See RFC-BGP4 for details.
    </description>
  <classAttributes>
   <an choice="mandatory" number="single" code="an"/>
   <aa choice="mandatory" number="single" code="aa"/>
   <de choice="mandatory" number="multiple" code="de"/>
   <mo choice="optional" number="multiple" code="mo"/>
   <ip choice="optional" number="multiple" code="ip"/>
   <ex choice="optional" number="multiple" code="ex"/>
   <df choice="optional" number="multiple" code="df"/>
   <rm choice="optional" number="multiple" code="rm"/>
   <ac choice="mandatory" number="multiple" code="ac"/>
   <tc choice="mandatory" number="multiple" code="tc"/>
   <ct choice="optional" number="multiple" code="ct"/>
   <cn choice="optional" number="multiple" code="cn"/>
   <ny choice="optional" number="multiple" code="ny"/>
   <ml choice="optional" number="multiple" code="ml"/>
   <mu choice="optional" number="multiple" code="mu"/>
   <mb choice="mandatory" number="multiple" code="mb"/>
   <ch choice="mandatory" number="multiple" code="ch"/>
   <so choice="mandatory" number="single" code="so"/>
  </classAttributes>
  <dbase_code value="0"/>
 </rpslClass>
 <rpslClass name="dictionary" code="dc" status="proposed">
  <description>
      INSERT dictionary description here.
    </description>
  <classAttributes>
   <ch choice="mandatory" number="multiple" code="ch"/>
   <so choice="mandatory" number="single" code="so"/>
  </classAttributes>
  <dbase_code value="51"/>
 </rpslClass>
 <rpslClass name="domain" code="dn" status="valid">
  <description>
      A domain object represents a Top Level Domain (TLD) or
      other domain registrations. It is for information only.
    </description>
  <classAttributes>
   <dn choice="mandatory" number="single" code="dn"/>
   <de choice="mandatory" number="multiple" code="de"/>
   <ac choice="mandatory" number="multiple" code="ac"/>
   <tc choice="mandatory" number="multiple" code="tc"/>
   <zc choice="mandatory" number="multiple" code="zc"/>
   <ns choice="optional" number="multiple" code="ns"/>
   <sd choice="optional" number="multiple" code="sd"/>
   <di choice="optional" number="multiple" code="di"/>
   <rm choice="optional" number="multiple" code="rm"/>
   <ny choice="optional" number="multiple" code="ny"/>
   <mb choice="optional" number="multiple" code="mb"/>
   <ml choice="optional" number="multiple" code="ml"/>
   <rf choice="optional" number="single" code="rf"/>
   <ch choice="mandatory" number="multiple" code="ch"/>
   <so choice="mandatory" number="single" code="so"/>
  </classAttributes>
  <dbase_code value="1"/>
 </rpslClass>
 <rpslClass name="inet-rtr" code="ir" status="valid">
  <description>
      The inet-rtr object represents an internet router
      within a routing registry.
    </description>
  <classAttributes>
   <ir choice="mandatory" number="single" code="ir"/>
   <de choice="mandatory" number="multiple" code="de"/>
   <az choice="optional" number="multiple" code="az"/>
   <la choice="mandatory" number="single" code="la"/>
   <if choice="mandatory" number="multiple" code="if"/>
   <pe choice="optional" number="multiple" code="pe"/>
   <mo choice="optional" number="multiple" code="mo"/>
   <rm choice="optional" number="multiple" code="rm"/>
   <ac choice="mandatory" number="multiple" code="ac"/>
   <tc choice="mandatory" number="multiple" code="tc"/>
   <ny choice="optional" number="multiple" code="ny"/>
   <mb choice="mandatory" number="multiple" code="mb"/>
   <ch choice="mandatory" number="multiple" code="ch"/>
   <so choice="mandatory" number="single" code="so"/>
  </classAttributes>
  <dbase_code value="4"/>
 </rpslClass>
 <rpslClass name="inet6num" code="i6" status="valid">
  <description>
      An inet6num object contains information on allocations
      and assignments of IPv6 address space. 
    </description>
  <classAttributes>
   <i6 choice="mandatory" number="single" code="i6"/>
   <na choice="mandatory" number="single" code="na"/>
   <de choice="mandatory" number="multiple" code="de"/>
   <cy choice="mandatory" number="multiple" code="cy"/>
   <ac choice="mandatory" number="multiple" code="ac"/>
   <tc choice="mandatory" number="multiple" code="tc"/>
   <rz choice="optional" number="multiple" code="rz"/>
   <st choice="generated" number="single" code="st"/>
   <rm choice="optional" number="multiple" code="rm"/>
   <ny choice="optional" number="multiple" code="ny"/>
   <mb choice="mandatory" number="multiple" code="mb"/>
   <ml choice="optional" number="multiple" code="ml"/>
   <ch choice="mandatory" number="multiple" code="ch"/>
   <so choice="mandatory" number="single" code="so"/>
  </classAttributes>
  <dbase_code value="2"/>
 </rpslClass>
 <rpslClass name="inetnum" code="in" status="valid">
  <description>
      An inetnum object contains information on allocations
      and assignments of IPv4 address space. 
   </description>
  <classAttributes>
   <in choice="mandatory" number="single" code="in"/>
   <na choice="mandatory" number="single" code="na"/>
   <de choice="mandatory" number="multiple" code="de"/>
   <cy choice="mandatory" number="multiple" code="cy"/>
   <ac choice="mandatory" number="multiple" code="ac"/>
   <tc choice="mandatory" number="multiple" code="tc"/>
   <rz choice="optional" number="multiple" code="rz"/>
   <st choice="mandatory" number="single" code="st"/>
   <rm choice="optional" number="multiple" code="rm"/>
   <ny choice="optional" number="multiple" code="ny"/>
   <mb choice="mandatory" number="multiple" code="mb"/>
   <ml choice="optional" number="multiple" code="ml"/>
   <mu choice="optional" number="multiple" code="mu"/>
   <ch choice="mandatory" number="multiple" code="ch"/>
   <so choice="mandatory" number="single" code="so"/>
  </classAttributes>
  <dbase_code value="3"/>
 </rpslClass>
 <rpslClass name="key-cert" code="kc" status="valid">
  <description>
      The key certificate object is used to store PGP
      certificates for use with the maintainer objects
      as a means of authentication.
    </description>
  <classAttributes>
   <kc choice="mandatory" number="single" code="kc"/>
   <mh choice="generated" number="single" code="mh"/>
   <ow choice="generated" number="multiple" code="ow"/>
   <fp choice="generated" number="single" code="fp"/>
   <ce choice="mandatory" number="multiple" code="ce"/>
   <rm choice="optional" number="multiple" code="rm"/>
   <ny choice="optional" number="multiple" code="ny"/>
   <mb choice="mandatory" number="multiple" code="mb"/>
   <ch choice="mandatory" number="multiple" code="ch"/>
   <so choice="mandatory" number="single" code="so"/>
  </classAttributes>
  <dbase_code value="5"/>
 </rpslClass>
 <rpslClass name="limerick" code="li" status="valid">
  <description>
      The limerick object represents a humourous poem which
      has five lines and the rhyme scheme "aabba".
    </description>
  <classAttributes>
   <li choice="mandatory" number="single" code="li"/>
   <de choice="optional" number="multiple" code="de"/>
   <tx choice="mandatory" number="multiple" code="tx"/>
   <ac choice="mandatory" number="multiple" code="ac"/>
   <ah choice="mandatory" number="multiple" code="ah"/>
   <rm choice="optional" number="multiple" code="rm"/>
   <ny choice="optional" number="multiple" code="ny"/>
   <mb choice="mandatory" number="multiple" code="mb"/>
   <ch choice="mandatory" number="multiple" code="ch"/>
   <so choice="mandatory" number="single" code="so"/>
  </classAttributes>
  <dbase_code value="6"/>
 </rpslClass>
 <rpslClass name="mntner" code="mt" status="valid">
  <description>
      The mntner object contains details of who is authorised
      to make changes to ORAN Database objects and details of
      a process that actually verifies that the person who
      makes the changes is authorised to do so.
      Mntner objects are not created automatically, but are
      forwarded to ORAN Database Administration (irr@oran.net).
    </description>
  <classAttributes>
   <mt choice="mandatory" number="single" code="mt"/>
   <de choice="mandatory" number="multiple" code="de"/>
   <ac choice="mandatory" number="multiple" code="ac"/>
   <tc choice="optional" number="multiple" code="tc"/>
   <dt choice="mandatory" number="multiple" code="dt"/>
   <mn choice="optional" number="multiple" code="mn"/>
   <at choice="mandatory" number="multiple" code="at"/>
   <rm choice="optional" number="multiple" code="rm"/>
   <ny choice="optional" number="multiple" code="ny"/>
   <mb choice="mandatory" number="multiple" code="mb"/>
   <ay choice="optional" number="single" code="ay"/>
   <rb choice="mandatory" number="single" code="rb"/>
   <ch choice="mandatory" number="multiple" code="ch"/>
   <so choice="mandatory" number="single" code="so"/>
  </classAttributes>
  <dbase_code value="7"/>
 </rpslClass>
 <rpslClass name="person" code="pn" status="valid">
  <description>
      The person object contains information on how to
      contact those people who are responsible for
      network operations or ORAN Database objects.
    </description>
  <classAttributes>
   <pn choice="mandatory" number="single" code="pn"/>
   <ad choice="mandatory" number="multiple" code="ad"/>
   <ph choice="mandatory" number="multiple" code="ph"/>
   <fx choice="optional" number="multiple" code="fx"/>
   <em choice="optional" number="multiple" code="em"/>
   <nh choice="mandatory" number="single" code="nh"/>
   <rm choice="optional" number="multiple" code="rm"/>
   <ny choice="optional" number="multiple" code="ny"/>
   <mb choice="optional" number="multiple" code="mb"/>
   <ch choice="mandatory" number="multiple" code="ch"/>
   <so choice="mandatory" number="single" code="so"/>
  </classAttributes>
  <dbase_code value="8"/>
 </rpslClass>
 <rpslClass name="repository" code="ZZ" status="proposed">
  <description>
      The root repository contains references to other repositories.
    </description>
  <classAttributes>
   <ch choice="mandatory" number="multiple" code="ch"/>
   <so choice="mandatory" number="single" code="so"/>
  </classAttributes>
  <dbase_code value="52"/>
 </rpslClass>
 <rpslClass name="role" code="ro" status="valid">
  <description>
      The role object represents a "help desk", a network
      operations centre or a contact point for help or
      information on network operations.
    </description>
  <classAttributes>
   <ro choice="mandatory" number="single" code="ro"/>
   <ad choice="mandatory" number="multiple" code="ad"/>
   <ph choice="optional" number="multiple" code="ph"/>
   <fx choice="optional" number="multiple" code="fx"/>
   <em choice="mandatory" number="multiple" code="em"/>
   <tb choice="optional" number="multiple" code="tb"/>
   <ac choice="mandatory" number="multiple" code="ac"/>
   <tc choice="mandatory" number="multiple" code="tc"/>
   <nh choice="mandatory" number="single" code="nh"/>
   <rm choice="optional" number="multiple" code="rm"/>
   <ny choice="optional" number="multiple" code="ny"/>
   <mb choice="optional" number="multiple" code="mb"/>
   <ch choice="mandatory" number="multiple" code="ch"/>
   <so choice="mandatory" number="single" code="so"/>
  </classAttributes>
  <dbase_code value="9"/>
 </rpslClass>
 <rpslClass name="route" code="rt" status="valid">
  <description>
      The route object represents a single route injected into
      the Internet routing mesh.
    </description>
  <classAttributes>
   <rt choice="mandatory" number="single" code="rt"/>
   <de choice="mandatory" number="multiple" code="de"/>
   <or choice="mandatory" number="single" code="or"/>
   <ho choice="optional" number="multiple" code="ho"/>
   <mo choice="optional" number="multiple" code="mo"/>
   <ij choice="optional" number="multiple" code="ij"/>
   <ag choice="optional" number="single" code="ag"/>
   <ab choice="optional" number="single" code="ab"/>
   <ec choice="optional" number="single" code="ec"/>
   <co choice="optional" number="single" code="co"/>
   <rm choice="optional" number="multiple" code="rm"/>
   <ct choice="optional" number="multiple" code="ct"/>
   <cn choice="optional" number="multiple" code="cn"/>
   <ny choice="optional" number="multiple" code="ny"/>
   <ml choice="optional" number="multiple" code="ml"/>
   <mu choice="optional" number="multiple" code="mu"/>
   <mb choice="mandatory" number="multiple" code="mb"/>
   <ch choice="mandatory" number="multiple" code="ch"/>
   <so choice="mandatory" number="single" code="so"/>
  </classAttributes>
  <dbase_code value="10"/>
 </rpslClass>
 <rpslClass name="route-set" code="rs" status="valid">
  <description>
      INSERT route-set description here.
    </description>
  <classAttributes>
   <rs choice="mandatory" number="single" code="rs"/>
   <de choice="mandatory" number="multiple" code="de"/>
   <ms choice="optional" number="multiple" code="ms"/>
   <mr choice="optional" number="multiple" code="mr"/>
   <rm choice="optional" number="multiple" code="rm"/>
   <tc choice="mandatory" number="multiple" code="tc"/>
   <ac choice="mandatory" number="multiple" code="ac"/>
   <ny choice="optional" number="multiple" code="ny"/>
   <mb choice="mandatory" number="multiple" code="mb"/>
   <ch choice="mandatory" number="multiple" code="ch"/>
   <so choice="mandatory" number="single" code="so"/>
  </classAttributes>
  <dbase_code value="12"/>
 </rpslClass>
 <rpslClass name="filter-set" code="fs" status="valid">
  <description>
       The filter-set object defines a set of filters, which is s a logical
       expression which when applied to a set of routes returns a subset of
       these routes.
    </description>
  <classAttributes>
   <fs choice="mandatory" number="single" code="fs"/>
   <de choice="mandatory" number="multiple" code="de"/>
   <fi choice="mandatory" number="single" code="fi"/>
   <rm choice="optional" number="multiple" code="rm"/>
   <tc choice="mandatory" number="multiple" code="tc"/>
   <ac choice="mandatory" number="multiple" code="ac"/>
   <ny choice="optional" number="multiple" code="ny"/>
   <mb choice="mandatory" number="multiple" code="mb"/>
   <ch choice="mandatory" number="multiple" code="ch"/>
   <so choice="mandatory" number="single" code="so"/>
  </classAttributes>
  <dbase_code value="14"/>
 </rpslClass>
 <rpslClass name="peering-set" code="ps" status="valid">
  <description>
      The peering-set object defines a set of peerings that are listed in its
      peering attributes.
    </description>
  <classAttributes>
   <ps choice="mandatory" number="single" code="ps"/>
   <de choice="mandatory" number="multiple" code="de"/>
   <pg choice="mandatory" number="multiple" code="pg"/>
   <rm choice="optional" number="multiple" code="rm"/>
   <tc choice="mandatory" number="multiple" code="tc"/>
   <ac choice="mandatory" number="multiple" code="ac"/>
   <ny choice="optional" number="multiple" code="ny"/>
   <mb choice="mandatory" number="multiple" code="mb"/>
   <ch choice="mandatory" number="multiple" code="ch"/>
   <so choice="mandatory" number="single" code="so"/>
  </classAttributes>
  <dbase_code value="15"/>
 </rpslClass>
 <rpslClass name="rtr-set" code="is" status="valid">
  <description>
      The rtr-set object defines a set of inet-rtr objects.
    </description>
  <classAttributes>
   <is choice="mandatory" number="single" code="is"/>
   <de choice="mandatory" number="multiple" code="de"/>
   <ms choice="optional" number="multiple" code="ms"/>
   <mr choice="optional" number="multiple" code="mr"/>
   <rm choice="optional" number="multiple" code="rm"/>
   <tc choice="mandatory" number="multiple" code="tc"/>
   <ac choice="mandatory" number="multiple" code="ac"/>
   <ny choice="optional" number="multiple" code="ny"/>
   <mb choice="mandatory" number="multiple" code="mb"/>
   <ch choice="mandatory" number="multiple" code="ch"/>
   <so choice="mandatory" number="single" code="so"/>
  </classAttributes>
  <dbase_code value="16"/>
 </rpslClass>
</rpslClasses>
